[
    {
        "title": "REKLAMATION",
        "text": "slipseknuden.eu kontrollerer alle varer inden afsendelse. Skulle der alligevel være fejl ved en ekspedition henvises til den returseddel, der følger med din ordre. Denne returseddel udfyldes og returneres sammen med varerne. Varer der returneres med reklamation, bliver repareret eller erstattet af en ny leverance indenfor 7 dage fra modtagelsen. Haves erstatningsvare ikke, vil det betalte beløb blive krediteret indenfor 7 dage. Derudover gælder naturligvis den 2-årige reklamationsfrist i henhold til købeloven.",
        "text2": "Du er også velkommen til at kontakte vores kundeservice på salg@slipseknuden.eu eller tlf. (+45) 5944-1234. Vi beder dig have dit ordrenummer ved hånden.",
        "name": "Slipseknuden",
        "street": "Slipsevej 79",
        "city": "4000 Holbæk",
        "phone": "Telefon: 5944-1234",
        "email": "slips@slipseknuden.dk"
    }
]
